chr	start	end_x	strand	name	end_y	b1	b2	ENTREZID	ENSEMBL	SYMBOL
chr12	101645443	101718523	-1	Tc2n	101718523	NA	NA	74413	ENSMUSG00000021187	Tc2n
chr12	102128733	102267091	1	Slc24a4	102267091	NA	NA	238384	ENSMUSG00000041771	Slc24a4
chr12	104314553	104320725	1	Serpina3j	104320725	NA	NA	238395	ENSMUSG00000079013	Serpina3j
chr12	104338486	104346144	1	Serpina3k	104346144	NA	NA	20714	ENSMUSG00000058207	Serpina3k
chr12	104338486	104346144	1	Serpina3k	104394257	NA	NA	20714	ENSMUSG00000058207	Serpina3k
chr12	104338486	104394257	1	Serpina3m	104346144	NA	NA	20717	ENSMUSG00000079012	Serpina3m
chr12	104338486	104394257	1	Serpina3m	104394257	NA	NA	20717	ENSMUSG00000079012	Serpina3m
chr12	105146014	105155225	1	Tcl1b2	105155225	NA	NA	27381	ENSMUSG00000060863	Tcl1b2
chr12	105159690	105166625	1	Tcl1b1	105166625	NA	NA	27379	ENSMUSG00000066359	Tcl1b1
chr12	105176344	105181145	1	Tcl1b5	105181145	NA	NA	27382	ENSMUSG00000000701	Tcl1b5
chr12	105191043	105195612	1	Tcl1b3	105195612	NA	NA	27378	ENSMUSG00000068940	Tcl1b3
chr12	118867824	118966421	-1	Abcb5	118966421	NA	NA	77706	ENSMUSG00000072791	Abcb5
chr12	119945822	120021246	1	Tmem196	120021246	NA	NA	217951	ENSMUSG00000048004	Tmem196
chr13	40001882	40361450	-1	Ofcc1	40361450	NA	NA	218165	ENSMUSG00000047094	Ofcc1
chr13	50245181	50250308	-1	Gm906	50250308	NA	NA	380882	ENSMUSG00000095300	Gm906
chr13	60853230	60935590	-1		60935590	NA	NA			
chr13	60895350	60897447	-1	Ctla2b	60936571	NA	NA	13025	ENSMUSG00000074874	Ctla2b
chr13	60895350	60936571	-1		60936571	NA	NA			
chr13	60901188	60904880	-1	Tpbpb	60904880	NA	NA	116913	ENSMUSG00000062705	Tpbpb
chr13	60934155	60936625	-1	Ctla2a	60936625	NA	NA	13024	ENSMUSG00000044258	Ctla2a
chr13	60938492	60941984	-1	Tpbpa	60941984	NA	NA	21984	ENSMUSG00000033834	Tpbpa
chr13	61000179	61005959	-1	Ctsj	61005959	NA	NA	26898	ENSMUSG00000055298	Ctsj
chr13	61035024	61040631	-1	Ctsq	61040631	NA	NA	104002	ENSMUSG00000021439	Ctsq
chr13	66418114	66441118	-1	2410141K09Rik	66441118	NA	NA	NA	NA	2410141K09Rik
chr13	75089826	75134861	1	Pcsk1	75134861	NA	NA	18548	ENSMUSG00000021587	Pcsk1
chr13	76201708	76305072	-1	Fam81b	76305072	NA	NA	238726	ENSMUSG00000109228	Fam81b
chr13	76384535	77031810	1	Mctp1	77031810	NA	NA	78771	ENSMUSG00000021596	Mctp1
chr13	88821472	89323223	1	Edil3	89323223	NA	NA	13612	ENSMUSG00000034488	Edil3
chr13	104287835	104496695	1	Adamts6	104496695	NA	NA	108154	ENSMUSG00000046169	Adamts6
chr13	105443639	105448122	1	Htr1a	105448122	NA	NA	15550	ENSMUSG00000021721	Htr1a
chr13	110054187	110280996	-1	Rab3c	110280996	NA	NA	67295	ENSMUSG00000021700	Rab3c
chr13	117602320	117987418	1	Hcn1	117987418	NA	NA	15165	ENSMUSG00000021730	Hcn1
chr13	118669791	118792115	1	Fgf10	118792115	NA	NA	14165	ENSMUSG00000021732	Fgf10
chr13	120026439	120027011	-1	Gm21370	120027011	NA	NA	100861977	NA	Gm21370
chr13	120034605	120052194	-1	Gm21188	120052194	NA	NA	100861753	ENSMUSG00000095609	Gm21188
chr13	120300392	120308779	1	BC147527	120308779	NA	NA	625360	ENSMUSG00000094796	BC147527
chr13	120316878	120318178	1	Tcstv3	120318178	NA	NA	236219	ENSMUSG00000095821	Tcstv3
chr14	3030002	3038762	1	Gm2888	3038762	NA	NA	100040657	ENSMUSG00000090487	Gm2888
chr14	3049285	3076840	1	Gm2897	3076840	NA	NA	100040671	ENSMUSG00000079410	Gm2897
chr14	3133997	3141609	1	Gm10340	3141609	NA	NA	100040697	NA	Gm10340
chr14	3188255	3196681	1	Gm5795	3196681	NA	NA	544990	ENSMUSG00000079409	Gm5795
chr14	3395093	3403525	1	Gm10413	3403525	NA	NA	100041774	ENSMUSG00000095533	Gm10413
chr14	3412614	3433800	1	Gm10409	3433800	NA	NA	100041530	ENSMUSG00000096488	Gm10409
chr14	3428103	3594220	1	Gm3005	3594220	NA	NA	100040870	ENSMUSG00000095195	Gm3005
chr14	3449379	3459287	1	Gm10408	3459287	NA	NA	100041840	ENSMUSG00000072739	Gm10408
chr14	3810074	3966518	1	Gm3002	3966518	NA	NA	100040852	NA	Gm3002
chr14	3846245	3856085	1	Gm3033	3856085	NA	NA	100040906	ENSMUSG00000093887	Gm3033
chr14	3884172	3921640	1	Gm2916	3921640	NA	NA	NA	NA	Gm2916
chr14	3931756	3940185	1	Gm3029	3940185	NA	NA	100040897	NA	Gm3029
chr14	3963547	3970207	1	Gm3095	3970207	NA	NA	100041012	ENSMUSG00000091756	Gm3095
chr14	3998394	4007006	1	Gm3099	4007006	NA	NA	100041019	NA	Gm3099
chr14	4023941	4041370	1	Gm5796	4041370	NA	NA	545007	ENSMUSG00000096775	Gm5796
chr14	4084120	4099306	1	Gm3115	4099306	NA	NA	100041054	ENSMUSG00000091022	Gm3115
chr14	4110526	4132784	1	Gm8108	4132784	NA	NA	623078	ENSMUSG00000091563	Gm8108
chr14	4165030	4173503	1	Gm3127	4173503	NA	NA	100041076	ENSMUSG00000090764	Gm3127
chr14	4182576	4204895	1	Gm2974	4204895	NA	NA	101055754	ENSMUSG00000079391	Gm2974
chr14	4249631	4258006	1	Gm3138	4258006	NA	NA	100041100	NA	Gm3138
chr14	4317283	4325721	1	Gm3149	4325721	NA	NA	100041119	NA	Gm3149
chr14	4334763	4354688	1	2610042L04Rik	4354688	NA	NA	554327	ENSMUSG00000079388	2610042L04Rik
chr14	4397526	4406347	1	Gm3159	4406347	NA	NA	100041139	ENSMUSG00000095056	Gm3159
chr14	4415448	4443839	1	Gm3164	4443839	NA	NA	100504488	NA	Gm3164
chr14	4430992	4519452	1	Gm3173	4519452	NA	NA	100169868	ENSMUSG00000079386	Gm3173
chr14	4481745	4490177	1	Gm3182	4490177	NA	NA	100041177	ENSMUSG00000091148	Gm3182
chr14	4632352	4640802	1	Gm8159	4640802	NA	NA	666549	NA	Gm8159
chr14	4664192	4670850	1	Gm3239	4670850	NA	NA	100041262	NA	Gm3239
chr14	4709238	4717678	1	Gm7876	4717678	NA	NA	108168186	ENSMUSG00000091700	Gm7876
chr14	4726775	4747493	1	Gm3252	4747493	NA	NA	100041283	ENSMUSG00000094628	Gm3252
chr14	4776337	4785002	1	Gm9602	4785002	NA	NA	673676	ENSMUSG00000090539	Gm9602
chr14	5015891	5019119	1	Gm3298	5019119	NA	NA	100041374	NA	Gm3298
chr14	5050629	5059243	1	4930555G01Rik	5059243	NA	NA	108978	ENSMUSG00000095686	4930555G01Rik
chr14	5071040	5093318	1	Gm8281	5093318	NA	NA	666772	ENSMUSG00000095681	Gm8281
chr14	5253907	5260580	-1	Gm3526	5260580	NA	NA	100041817	ENSMUSG00000094929	Gm3526
chr14	5326255	5334928	-1	Gm3542	5334928	NA	NA	105245665	ENSMUSG00000096023	Gm3542
chr14	5365794	5389049	-1	Gm3500	5389049	NA	NA	100041678	ENSMUSG00000096003	Gm3500
chr14	5438065	5455467	-1	Gm3194	5455467	NA	NA	100042054	NA	Gm3194
chr14	5469438	5477830	-1	Gm8246	5477830	NA	NA	666706	ENSMUSG00000095797	Gm8246
chr14	5484207	5492584	1	Gm3187	5492584	NA	NA	102636792	NA	Gm3187
chr14	5501674	5522927	1	Gm3488	5522927	NA	NA	100041735	ENSMUSG00000095295	Gm3488
chr14	5538496	5546373	1	Gm3532	5546373	NA	NA	100041825	ENSMUSG00000097853	Gm3532
chr14	5607620	5807982	-1	Gm3383	5807982	NA	NA	100041515	ENSMUSG00000096629	Gm3383
chr14	5630281	5633028	-1	Gm8265	5633028	NA	NA	100856803	NA	Gm8265
chr14	5678784	5687457	-1	Gm9603	5687457	NA	NA	673685	NA	Gm9603
chr14	5718336	5741577	-1	Gm3373	5741577	NA	NA	100036568	ENSMUSG00000094370	Gm3373
chr14	5821934	5830329	-1	Gm3424	5830329	NA	NA	100041598	ENSMUSG00000090512	Gm3424
chr14	5857918	5880382	-1	Gm8237	5880382	NA	NA	666684	NA	Gm8237
chr14	6210617	6219292	-1	Gm21560	6219292	NA	NA	105245675	ENSMUSG00000094460	Gm21560
chr14	6259747	6287250	-1	Gm3411	6287250	NA	NA	100861615	ENSMUSG00000079396	Gm3411
chr14	42988342	42993624	-1	Gm8082	42993624	NA	NA	102640955	ENSMUSG00000094349	Gm8082
chr14	43010188	43015628	-1	Gm10376	43015628	NA	NA	100042130	ENSMUSG00000072605	Gm10376
chr14	43071142	43076643	-1	Gm8094	43076643	NA	NA	666420	ENSMUSG00000091733	Gm8094
chr14	43229832	43235304	-1	Gm8122	43235304	NA	NA	666471	NA	Gm8122
chr14	43258649	43266799	1	Gm8126	43266799	NA	NA	108168152	ENSMUSG00000090634	Gm8126
chr14	43275036	43306011	1		43306011	NA	NA			
chr14	43288312	43293832	-1	Gm8127	43293832	NA	NA	666485	ENSMUSG00000090713	Gm8127
chr14	43410827	43416350	-1	Gm8138	43416350	NA	NA	105245737	ENSMUSG00000096372	Gm8138
chr14	43543576	43551213	1	Gm5799	43551213	NA	NA	108168155	ENSMUSG00000091477	Gm5799
chr14	43573843	43579146	-1	Gm17654	43579146	NA	NA	108168156	NA	Gm17654
chr14	43697828	43715378	1	Gm7324	43715378	NA	NA	652988	ENSMUSG00000049235	Gm7324
chr14	43722253	43727485	-1	Gm16506	43727485	NA	NA	102634304	ENSMUSG00000091718	Gm16506
chr14	43747866	43755948	1	Gm6526	43755948	NA	NA	115488379	ENSMUSG00000091698	Gm6526
chr14	43779488	43784745	-1	Gm8180	43784745	NA	NA	105242437	NA	Gm8180
chr14	44001826	44002269	-1	Ang6	44002269	NA	NA	630952	ENSMUSG00000072598	Ang6
chr14	44330442	44338584	-1	Gm5930	44338584	NA	NA	546250	ENSMUSG00000079267	Gm5930
chr14	44365357	44370841	1	Gm8229	44370841	NA	NA	666675	ENSMUSG00000090379	Gm8229
chr14	44556795	44627938	-1	Gm5624	44627938	NA	NA	115488302	ENSMUSG00000092165	Gm5624
chr14	44649204	44706456	-1	Gm8257	44706456	NA	NA	666725	NA	Gm8257
chr14	44716838	44750340	-1	Gm8267	44750340	NA	NA	666744	ENSMUSG00000091923	Gm8267
chr14	49298519	49526046	-1	Slc35f4	49526046	NA	NA	75288	ENSMUSG00000021852	Slc35f4
chr14	50034314	50040375	-1	Olfr725	50040375	NA	NA	NA	NA	Olfr725
chr14	50083570	50090953	-1	Olfr726	50090953	NA	NA	NA	NA	Olfr726
chr14	50123186	50128746	1	Olfr727	50128746	NA	NA	NA	NA	Olfr727
chr14	50133758	50142680	-1	Olfr728	50142680	NA	NA	NA	NA	Olfr728
chr14	50144731	50152910	-1	Olfr729	50152910	NA	NA	NA	NA	Olfr729
chr14	50183296	50188198	-1	Olfr730	50188198	NA	NA	NA	NA	Olfr730
chr14	50233531	50241866	-1	Olfr731	50241866	NA	NA	NA	NA	Olfr731
chr14	50278473	50284206	-1	Olfr732	50284206	NA	NA	NA	NA	Olfr732
chr14	50295891	50301522	-1	Olfr733	50301522	NA	NA	NA	NA	Olfr733
chr14	50316506	50326761	-1	Olfr734	50326761	NA	NA	NA	NA	Olfr734
chr14	50342612	50348872	-1	Olfr735	50348872	NA	NA	NA	NA	Olfr735
chr14	50357914	50363663	1	Tlr11	50363663	NA	NA	239081	ENSMUSG00000051969	Tlr11
chr14	50381163	50394192	1	Olfr736	50394192	NA	NA	NA	NA	Olfr736
chr14	50407568	50415438	1	Olfr738	50415438	NA	NA	NA	NA	Olfr738
chr14	50418626	50427888	1	Olfr739	50427888	NA	NA	NA	NA	Olfr739
chr14	50445545	50456933	1	Olfr740	50456933	NA	NA	NA	NA	Olfr740
chr14	50472738	50488338	1	Olfr741	50488338	NA	NA	NA	NA	Olfr741
chr14	51361756	51569982	1	Gm7247	51569982	NA	NA	638695	NA	Gm7247
chr14	51552790	51662953	1	Gm5622	51662953	NA	NA	434459	ENSMUSG00000079244	Gm5622
chr14	51568892	51574063	-1	Gm17175	51574063	NA	NA	102641463	ENSMUSG00000091142	Gm17175
chr14	51587653	51592139	-1	Gm17174	51592139	NA	NA	102631744	NA	Gm17174
chr14	51606807	51611310	-1	Gm17078	51611310	NA	NA	102631639	ENSMUSG00000094715	Gm17078
chr14	51630273	51635666	-1	Gm4181	51635666	NA	NA	100043031	NA	Gm4181
chr14	51691019	51695468	-1	Gm17079	51695468	NA	NA	102640847	ENSMUSG00000090740	Gm17079
chr14	51711643	51717183	-1	Gm5800	51717183	NA	NA	545047	ENSMUSG00000068506	Gm5800
chr14	51763878	51773590	-1	Ang4	51773590	NA	NA	219033	ENSMUSG00000060615	Ang4
chr14	52409131	52414373	-1	Olfr1510	52414373	NA	NA	NA	NA	Olfr1510
chr14	52442990	52452574	1	Olfr1509	52452574	NA	NA	NA	NA	Olfr1509
chr14	52458829	52467495	-1	Olfr1508	52467495	NA	NA	NA	NA	Olfr1508
chr14	52488791	52495749	-1	Olfr1507	52495749	NA	NA	NA	NA	Olfr1507
chr14	63606503	63820809	1	Xkr6	63820809	NA	NA	219149	ENSMUSG00000035067	Xkr6
chr14	69029238	69041804	1	Stc1	69041804	NA	NA	20855	ENSMUSG00000014813	Stc1
chr14	70890120	70979838	1	Gfra2	70979838	NA	NA	14586	ENSMUSG00000022103	Gfra2
chr14	84443563	84539002	1	Pcdh17	84539002	NA	NA	219228	ENSMUSG00000035566	Pcdh17
chr14	88464743	88471396	-1	Pcdh20	88471396	NA	NA	219257	ENSMUSG00000050505	Pcdh20
chr14	93013410	93890679	-1	Pcdh9	93890679	NA	NA	211712	ENSMUSG00000055421	Pcdh9
chr14	95881254	95882780	1	4921530L21Rik	95882780	NA	NA	NA	NA	4921530L21Rik
chr14	96102736	96519102	-1	Klhl1	96519102	NA	NA	93688	ENSMUSG00000022076	Klhl1
chr14	101197690	101200330	-1	Prr30	101200330	NA	NA	76627	ENSMUSG00000042888	Prr30
chr14	111675097	111683141	1	Slitrk5	111683141	NA	NA	75409	ENSMUSG00000033214	Slitrk5
chr14	113314608	113316754	1	Tpm3-rs7	113316754	NA	NA	621054	ENSMUSG00000058126	Tpm3-rs7
chr14	115092215	116525179	1	Gpc5	116525179	NA	NA	103978	ENSMUSG00000022112	Gpc5
chr14	123276634	123627144	-1	Nalcn	123627144	NA	NA	338370	ENSMUSG00000000197	Nalcn
chr14	123659971	123975618	1	Itgbl1	123975618	NA	NA	223272	ENSMUSG00000032925	Itgbl1
chr14	123977907	124677127	-1	Fgf14	124677127	NA	NA	14169	ENSMUSG00000025551	Fgf14
chr15	4898737	4962205	1	Mroh2b	4962205	NA	NA	223825	ENSMUSG00000022155	Mroh2b
chr15	4988762	5063740	-1	C7	5063740	NA	NA	109828	ENSMUSG00000079105	C7
chr15	9276888	9315032	1	Ugt3a1	9315032	NA	NA	105887	ENSMUSG00000072664	Ugt3a1
chr15	9335550	9370955	1	Ugt3a2	9370955	NA	NA	223337	ENSMUSG00000049152	Ugt3a2
chr15	9436028	9466038	1	Capsl	9466038	NA	NA	75568	ENSMUSG00000039676	Capsl
chr15	9578193	9748868	-1	Spef2	9748868	NA	NA	320277	ENSMUSG00000072663	Spef2
chr15	11064790	11349231	1	Adamts12	11349231	NA	NA	239337	ENSMUSG00000047497	Adamts12
chr15	16728756	16857094	1	Cdh9	16857094	NA	NA	12565	ENSMUSG00000025370	Cdh9
chr15	18818947	19014236	1	Cdh10	19014236	NA	NA	320873	ENSMUSG00000022321	Cdh10
chr15	20449265	21589533	1	Cdh12	21589533	NA	NA	215654	ENSMUSG00000040452	Cdh12
chr15	20665214	20666750	-1	Acot10	20666750	NA	NA	64833	ENSMUSG00000047565	Acot10
chr15	22549022	23474418	1	Cdh18	23474418	NA	NA	320865	ENSMUSG00000040420	Cdh18
chr15	26309048	26409576	1	March11	26409576	NA	NA	NA	NA	March11
chr15	26540459	26895580	-1	Fbxl7	26895580	NA	NA	448987	ENSMUSG00000043556	Fbxl7
chr15	39198261	39684372	1	Rims2	39684372	NA	NA	116838	ENSMUSG00000037386	Rims2
chr15	40655035	41104592	1	Zfpm2	41104592	NA	NA	22762	ENSMUSG00000022306	Zfpm2
chr15	41447482	41861048	1	Oxr1	41861048	NA	NA	170719	ENSMUSG00000022307	Oxr1
chr15	42424723	42676977	-1	Angpt1	42676977	NA	NA	11600	ENSMUSG00000022309	Angpt1
chr15	43020794	43170826	-1	Rspo2	43170826	NA	NA	239405	ENSMUSG00000051920	Rspo2
chr16	59214134	59219767	-1	Olfr199	59219767	NA	NA	NA	NA	Olfr199
chr16	59266113	59272632	-1	Olfr201	59272632	NA	NA	NA	NA	Olfr201
chr16	59283516	59286793	-1	Olfr202	59286793	NA	NA	NA	NA	Olfr202
chr16	59298881	59304413	1	Olfr203	59304413	NA	NA	NA	NA	Olfr203
chr16	59310206	59318248	-1	Olfr204	59318248	NA	NA	NA	NA	Olfr204
chr16	59328005	59331138	-1	Olfr205	59331138	NA	NA	NA	NA	Olfr205
chr16	59344675	59349246	-1	Olfr206	59349246	NA	NA	NA	NA	Olfr206
chr16	59361160	59363993	-1	Olfr209	59363993	NA	NA	404311	ENSMUSG00000095706	Olfr209
chr16	59653483	60605531	-1	Epha6	60605531	NA	NA	13840	ENSMUSG00000055540	Epha6
chr16	64924729	65105784	-1	Htr1f	65105854	NA	NA	15557	ENSMUSG00000050783	Htr1f
chr16	66655421	67620908	-1	Cadm2	67620908	NA	NA	239857	ENSMUSG00000064115	Cadm2
chr16	69856874	69863744	-1	Speer2	69863744	NA	NA	224318	ENSMUSG00000063163	Speer2
chr16	75540514	75586061	-1	Lipi	75586061	NA	NA	320355	ENSMUSG00000032948	Lipi
chr16	75592844	75602829	1	Rbm11	75602829	NA	NA	224344	ENSMUSG00000032940	Rbm11
chr16	77588578	77602094	-1	Gm11146	77602094	NA	NA	NA	NA	Gm11146
chr16	78930948	78951733	1	Chodl	78951733	NA	NA	246048	ENSMUSG00000022860	Chodl
chr16	78953008	79091097	-1	Tmprss15	79091097	NA	NA	19146	ENSMUSG00000022857	Tmprss15
chr16	81200697	81624285	1	Ncam2	81626828	NA	NA	17968	ENSMUSG00000022762	Ncam2
chr16	82828382	82829881	1	Gm21833	82829881	NA	NA	NA	NA	Gm21833
chr16	84515121	84523888	1	A730009L09Rik	84523888	NA	NA	402727	NA	A730009L09Rik
chr16	87895900	88290265	-1	Grik1	88290265	NA	NA	14805	ENSMUSG00000022935	Grik1
chr16	89140851	89141339	1	Gm6358	89141339	NA	NA	102637070	ENSMUSG00000068071	Gm6358
chr16	89151086	89151550	1	Gm10061	89151550	NA	NA	102637192	ENSMUSG00000059113	Gm10061
chr16	89157952	89158348	1	Gm9789	89158348	NA	NA	640627	ENSMUSG00000044227	Gm9789
chr16	89169490	89169648	1	Gm7735	89169648	NA	NA	102637417	ENSMUSG00000068068	Gm7735
chr16	89174735	89175199	1	1110057P08Rik	89175199	NA	NA	115488617	NA	1110057P08Rik
chr16	89205861	89206388	1	Krtap20-2	89206394	NA	NA	622935	ENSMUSG00000091039	Krtap20-2
chr17	3635240	3696261	-1	Nox3	3696261	NA	NA	224480	ENSMUSG00000023802	Nox3
chr17	6601671	6609774	1	Dynlt1c	6609774	NA	NA	100040563	ENSMUSG00000000579	Dynlt1c
chr17	7170115	7303313	1	Rps6ka2	7303315	NA	NA	20112	ENSMUSG00000023809	Rps6ka2
chr17	7324646	7345974	1	Tcp10a	7345974	NA	NA	21461	ENSMUSG00000071322	Tcp10a
chr17	7738569	7827302	-1	Fndc1	7827302	NA	NA	68655	ENSMUSG00000071984	Fndc1
chr17	9422060	9422458	1	Gm17728	9422458	NA	NA	NA	NA	Gm17728
chr17	10403012	10840311	-1	Pacrg	10840311	NA	NA	69310	ENSMUSG00000037196	Pacrg
chr17	10840384	12063361	1	Park2	12063361	NA	NA	NA	NA	Park2
chr17	17887852	17971677	1	Fpr3	17971677	NA	NA	14294	ENSMUSG00000079700	Fpr3
chr17	18021733	18022704	1	Fpr-rs4	18022704	NA	NA	14291	ENSMUSG00000048062	Fpr-rs4
chr17	20623846	20624877	-1	Fpr-rs3	20624877	NA	NA	14290	ENSMUSG00000060701	Fpr-rs3
chr17	36547075	36549250	1	H2-M11	36549250	NA	NA	224754	ENSMUSG00000037537	H2-M11
chr17	36639285	36642666	-1	H2-M9	36642666	NA	NA	14997	ENSMUSG00000067201	H2-M9
chr17	36670008	36672219	-1	H2-M1	36672219	NA	NA	224756	ENSMUSG00000037334	H2-M1
chr17	37297556	37304313	-1	Olfr101	37304313	NA	NA	NA	NA	Olfr101
chr17	37311795	37317054	-1	Olfr102	37317054	NA	NA	NA	NA	Olfr102
chr17	37334303	37339698	-1	Olfr103	37339698	NA	NA	NA	NA	Olfr103
chr17	37359582	37363993	1	Olfr104-ps	37363993	NA	NA	NA	NA	Olfr104-ps
chr17	37379033	37386208	1	Olfr105-ps	37386208	NA	NA	NA	NA	Olfr105-ps
chr17	37390393	37396252	1	Olfr106-ps	37396252	NA	NA	NA	NA	Olfr106-ps
chr17	37399226	37407477	1	Olfr107	37407477	NA	NA	NA	NA	Olfr107
chr17	37445480	37446517	1	Olfr108	37446517	NA	NA	NA	NA	Olfr108
chr17	37458916	37471590	1	Olfr109	37471590	NA	NA	NA	NA	Olfr109
chr17	37480851	37483552	-1	H2-M2	37483552	NA	NA	14990	ENSMUSG00000016283	H2-M2
chr17	37492468	37500207	1	Olfr110	37500207	NA	NA	NA	NA	Olfr110
chr17	37508030	37532449	1	Olfr111	37532449	NA	NA	NA	NA	Olfr111
chr17	37561668	37569451	-1	Olfr112	37569451	NA	NA	NA	NA	Olfr112
chr17	37573877	37577663	-1	Olfr113	37577663	NA	NA	NA	NA	Olfr113
chr17	37589233	37592743	-1	Olfr114	37592743	NA	NA	NA	NA	Olfr114
chr17	37608940	37627109	-1	Olfr115	37627109	NA	NA	NA	NA	Olfr115
chr17	37620577	37627199	-1	Olfr116	37627199	NA	NA	NA	NA	Olfr116
chr17	37657600	37663782	-1	Olfr117	37663782	NA	NA	NA	NA	Olfr117
chr17	37666988	37673476	1	Olfr118	37673476	NA	NA	NA	NA	Olfr118
chr17	37696564	37702124	1	Olfr119	37702124	NA	NA	NA	NA	Olfr119
chr17	37721808	37727220	1	Olfr120	37727220	NA	NA	NA	NA	Olfr120
chr17	37748855	37753169	1	Olfr121	37753169	NA	NA	NA	NA	Olfr121
chr17	37768607	37773749	1	Olfr122	37773749	NA	NA	NA	NA	Olfr122
chr17	37793529	37798134	1	Olfr123	37798134	NA	NA	NA	NA	Olfr123
chr17	37799888	37808617	1	Olfr124	37808617	NA	NA	NA	NA	Olfr124
chr17	37832949	37838490	1	Olfr125	37838490	NA	NA	NA	NA	Olfr125
chr17	37847483	37852057	1	Olfr126	37852057	NA	NA	NA	NA	Olfr126
chr17	37900437	37906795	1	Olfr127	37906795	NA	NA	NA	NA	Olfr127
chr17	37920548	37926801	1	Olfr128	37926801	NA	NA	NA	NA	Olfr128
chr17	37952051	37953079	-1	Olfr761	37953079	NA	NA	NA	NA	Olfr761
chr17	38129863	38134526	-1	Olfr132	38134526	NA	NA	NA	NA	Olfr132
chr17	38145281	38151269	1	Olfr133	38151269	NA	NA	NA	NA	Olfr133
chr17	38171388	38176578	1	Olfr134	38176578	NA	NA	NA	NA	Olfr134
chr17	38416474	38420185	-1	Esp36	38420185	NA	NA	100126765	ENSMUSG00000092322	Esp36
chr17	40221777	40242288	-1	Crisp3	40242288	NA	NA	11572	ENSMUSG00000025433	Crisp3
chr17	40293758	40319207	-1	Crisp1	40319207	NA	NA	11571	ENSMUSG00000025431	Crisp1
chr17	40520022	40530702	1	Esp8	40530421	NA	NA	100126778	ENSMUSG00000090747	Esp8
chr17	40561507	40579549	1	Gm44501	40565627	NA	NA	102577428	ENSMUSG00000117190	Gm44501
chr17	40561507	40579549	1	Gm44501	40579549	NA	NA	102577428	ENSMUSG00000117190	Gm44501
chr17	40561507	40565622	1	Esp6	40565627	NA	NA	433107	ENSMUSG00000092043	Esp6
chr17	40561507	40565622	1	Esp6	40579549	NA	NA	433107	ENSMUSG00000092043	Esp6
chr17	40598594	40602618	1	Esp4	40602618	NA	NA	100126777	ENSMUSG00000095540	Esp4
chr17	40632075	40637060	1	Esp3	40637060	NA	NA	100126766	ENSMUSG00000093957	Esp3
chr17	40727120	40731782	1	Esp1	40731782	NA	NA	619517	ENSMUSG00000073396	Esp1
chr17	42315947	42507741	1	Ptchd4	42505077	NA	NA	627626	ENSMUSG00000042256	Ptchd4
chr17	52602709	52979194	1	Kcnh8	52979194	NA	NA	211468	ENSMUSG00000035580	Kcnh8
chr17	55445382	55514581	1	St6gal2	55514581	NA	NA	240119	ENSMUSG00000024172	St6gal2
chr19	39608842	39649051	-1	Cyp2c67	39649051	NA	NA	545288	ENSMUSG00000062624	Cyp2c67
chr19	39688834	39741054	-1	Cyp2c68	39741054	NA	NA	433247	ENSMUSG00000074882	Cyp2c68
chr19	39767071	39812814	-1	Cyp2c40	39812814	NA	NA	13099	ENSMUSG00000025004	Cyp2c40
chr19	48206025	48805505	1	Sorcs3	48805505	NA	NA	66673	ENSMUSG00000063434	Sorcs3
chr19	50143299	50678646	-1	Sorcs1	50678646	NA	NA	58178	ENSMUSG00000043531	Sorcs1
chr2	6539694	7509563	-1	Celf2	7509563	NA	NA	14007	ENSMUSG00000002107	Celf2
chr2	13850282	14056135	-1	Hacd1	14056135	NA	NA	30963	ENSMUSG00000063275	Hacd1
chr2	14388316	14494977	1	Slc39a12	14494977	NA	NA	277468	ENSMUSG00000036949	Slc39a12
chr2	15526479	16255555	1	Malrd1	16255555	NA	NA	102635496	ENSMUSG00000075520	Malrd1
chr2	16356304	16755839	1	Plxdc2	16755839	NA	NA	67448	ENSMUSG00000026748	Plxdc2
chr2	17343909	17731464	-1	Nebl	17731464	NA	NA	74103	ENSMUSG00000053702	Nebl
chr2	19199302	19310241	1	Armc3	19310241	NA	NA	70882	ENSMUSG00000037683	Armc3
chr2	19462837	19553914	-1	4921504E06Rik	19553914	NA	NA	70909	ENSMUSG00000026734	4921504E06Rik
chr2	19909780	20810713	1	Etl4	20810713	NA	NA	208618	ENSMUSG00000036617	Etl4
chr2	21367542	21830547	1	Gpr158	21830547	NA	NA	241263	ENSMUSG00000045967	Gpr158
chr2	22227503	22618252	1	Myo3a	22618252	NA	NA	667663	ENSMUSG00000025716	Myo3a
chr2	22622205	22693874	1	Gad2	22693874	NA	NA	14417	ENSMUSG00000026787	Gad2
chr2	23321246	23401973	1	Nxph2	23401973	NA	NA	18232	ENSMUSG00000069132	Nxph2
chr2	24002910	24049394	-1	Hnmt	24049394	NA	NA	140483	ENSMUSG00000026986	Hnmt
chr2	24071721	24096595	-1	Tbpl2	24096595	NA	NA	227606	ENSMUSG00000061809	Tbpl2
chr2	24153161	24160519	1	Il1f8	24160519	NA	NA	NA	NA	Il1f8
chr2	24186476	24193568	1	Il1f9	24193568	NA	NA	NA	NA	Il1f9
chr2	27079379	27108981	1	Adamtsl2	27108981	NA	NA	77794	ENSMUSG00000036040	Adamtsl2
chr2	27110380	27142491	-1	Fam163b	27142491	NA	NA	109349	ENSMUSG00000009216	Fam163b
chr2	27165233	27183200	1	Dbh	27183200	NA	NA	13166	ENSMUSG00000000889	Dbh
chr2	27188393	27248337	-1	Sardh	27248337	NA	NA	192166	ENSMUSG00000009614	Sardh
chr2	27886425	28039514	1	Col5a1	28039514	NA	NA	12831	ENSMUSG00000026837	Col5a1
chr2	28192992	28230736	1	Olfm1	28230736	NA	NA	56177	ENSMUSG00000026833	Olfm1
chr2	29194541	29253005	-1	Ntng2	29253005	NA	NA	171171	ENSMUSG00000035513	Ntng2
chr2	36524998	36530790	1	Olfr342	36530790	NA	NA	NA	NA	Olfr342
chr2	36566662	36576178	1	Olfr344	36576178	NA	NA	NA	NA	Olfr344
chr2	36731902	36737640	1	Olfr347	36737640	NA	NA	NA	NA	Olfr347
chr2	36784276	36789998	1	Olfr348	36789998	NA	NA	NA	NA	Olfr348
chr2	36790538	36797392	1	Olfr50	36797392	NA	NA	NA	NA	Olfr50
chr2	36811492	36817032	-1	Olfr3	36817032	NA	NA	NA	NA	Olfr3
chr2	36846310	36851702	1	Olfr350	36851702	NA	NA	NA	NA	Olfr350
chr2	36857539	36862660	-1	Olfr351	36862660	NA	NA	NA	NA	Olfr351
chr2	36868460	36872785	1	Olfr352	36872785	NA	NA	NA	NA	Olfr352
chr2	36887293	36892936	-1	Olfr353	36892936	NA	NA	NA	NA	Olfr353
chr2	36905680	36916038	1	Olfr354	36916038	NA	NA	NA	NA	Olfr354
chr2	36925190	36928897	-1	Olfr355	36928897	NA	NA	NA	NA	Olfr355
chr2	36937121	36938068	1	Olfr356	36938068	NA	NA	NA	NA	Olfr356
chr2	36993827	37001847	1	Olfr357	37001847	NA	NA	NA	NA	Olfr357
chr2	40595246	42653624	-1	Lrp1b	42653624	NA	NA	94217	ENSMUSG00000049252	Lrp1b
chr2	43555329	43682715	1	Kynu	43682715	NA	NA	70789	ENSMUSG00000026866	Kynu
chr2	43748824	44395953	1	Arhgap15	44395953	NA	NA	76117	ENSMUSG00000049744	Arhgap15
chr2	54436317	55118309	1	Galnt13	55118309	NA	NA	271786	ENSMUSG00000060988	Galnt13
chr2	55435970	55598145	1	Kcnj3	55598145	NA	NA	16519	ENSMUSG00000026824	Kcnj3
chr2	57997884	58045860	1	Galnt5	58045860	NA	NA	241391	ENSMUSG00000026828	Galnt5
chr2	61711694	61800376	1	Psmd14	61800376	NA	NA	59029	ENSMUSG00000026914	Psmd14
chr2	61802930	61814114	1	Tbr1	61814114	NA	NA	21375	ENSMUSG00000035033	Tbr1
chr2	62046462	62326730	1	Slc4a10	62326730	NA	NA	94229	ENSMUSG00000026904	Slc4a10
chr2	65620771	65767447	1	Scn2a	65767447	NA	NA	110876	ENSMUSG00000075318	Scn2a
chr2	66270778	66440840	-1	Scn1a	66440840	NA	NA	20265	ENSMUSG00000064329	Scn1a
chr2	66480080	66634962	-1	Scn9a	66634962	NA	NA	20274	ENSMUSG00000075316	Scn9a
chr2	66673425	66784914	-1	Scn7a	66784914	NA	NA	20272	ENSMUSG00000034810	Scn7a
chr2	67173834	67184950	1	Gm1322	67526615	NA	NA	383709	ENSMUSG00000027022	Gm1322
chr2	67565871	68122689	1	B3galt1	68122689	NA	NA	26877	ENSMUSG00000034780	B3galt1
chr2	79834453	80129458	-1	Pde1a	80129458	NA	NA	18573	ENSMUSG00000059173	Pde1a
chr2	82053222	82259879	1	Zfp804a	82259879	NA	NA	241514	ENSMUSG00000070866	Zfp804a
chr2	82943634	83008937	1	Fsip2	83008937	NA	NA	241516	ENSMUSG00000075249	Fsip2
chr2	85330779	85339315	-1	Olfr987	85339315	NA	NA	NA	NA	Olfr987
chr2	85352428	85363227	-1	Olfr988	85363227	NA	NA	NA	NA	Olfr988
chr2	85398824	85409469	-1	Olfr992	85409469	NA	NA	NA	NA	Olfr992
chr2	85607037	85611903	-1	Olfr1000	85611903	NA	NA	NA	NA	Olfr1000
chr2	85646057	85650704	-1	Olfr1002	85650704	NA	NA	NA	NA	Olfr1002
chr2	85663377	85664455	-1	Olfr154	85664455	NA	NA	NA	NA	Olfr154
chr2	85673657	85678767	-1	Olfr1006	85678767	NA	NA	NA	NA	Olfr1006
chr2	85689431	85690372	1	Olfr1008	85690372	NA	NA	NA	NA	Olfr1008
chr2	86195910	86203009	-1	Olfr1045	86203009	NA	NA	NA	NA	Olfr1045
chr2	86214987	86219314	-1	Olfr1046	86219314	NA	NA	NA	NA	Olfr1046
chr2	86226567	86231401	-1	Olfr1047	86231401	NA	NA	NA	NA	Olfr1047
chr2	86233951	86240289	-1	Olfr1048	86240289	NA	NA	NA	NA	Olfr1048
chr2	86254357	86258328	-1	Olfr1049	86258328	NA	NA	NA	NA	Olfr1049
chr2	86273814	86279088	-1	Olfr1051	86279088	NA	NA	NA	NA	Olfr1051
chr2	86292455	86299233	1	Olfr1052	86299233	NA	NA	NA	NA	Olfr1052
chr2	86413109	86414050	-1	Olfr1061	86414050	NA	NA	NA	NA	Olfr1061
chr2	86420399	86426749	-1	Olfr1062	86426749	NA	NA	NA	NA	Olfr1062
chr2	86443958	86450591	-1	Olfr1065	86450591	NA	NA	NA	NA	Olfr1065
chr2	86455328	86456269	-1	Olfr1066	86456269	NA	NA	NA	NA	Olfr1066
chr2	86481921	86487386	-1	Olfr228	86487386	NA	NA	NA	NA	Olfr228
chr2	86508461	86509402	1	Olfr1076	86509402	NA	NA	NA	NA	Olfr1076
chr2	86536949	86542480	-1	Olfr1079	86542480	NA	NA	NA	NA	Olfr1079
chr2	86552675	86558235	-1	Olfr1080	86558235	NA	NA	NA	NA	Olfr1080
chr2	86593412	86598966	-1	Olfr1082	86598966	NA	NA	NA	NA	Olfr1082
chr2	86638765	86639725	-1	Olfr1084	86639725	NA	NA	NA	NA	Olfr1084
chr2	86653665	86662019	-1	Olfr1085	86662019	NA	NA	NA	NA	Olfr1085
chr2	86676218	86680092	-1	Olfr1086	86680092	NA	NA	NA	NA	Olfr1086
chr2	86687235	86698395	-1	Olfr1087	86698395	NA	NA	NA	NA	Olfr1087
chr2	86732584	86733701	-1	Olfr1089	86733701	NA	NA	NA	NA	Olfr1089
chr2	86752724	86758993	-1	Olfr1090	86758993	NA	NA	NA	NA	Olfr1090
chr2	86782479	86787616	1	Olfr1093	86787616	NA	NA	NA	NA	Olfr1093
chr2	86804134	86810018	-1	Olfr141	86810018	NA	NA	NA	NA	Olfr141
chr2	86824663	86830282	1	Olfr1094	86830282	NA	NA	NA	NA	Olfr1094
chr2	86850770	86851696	-1	Olfr1095	86851696	NA	NA	NA	NA	Olfr1095
chr2	86869011	86874802	-1	Gm13723	86874802	NA	NA	NA	NA	Gm13723
chr2	86886773	86892216	-1	Olfr1097	86892216	NA	NA	NA	NA	Olfr1097
chr2	86998398	87003618	1	Olfr1102	87003618	NA	NA	NA	NA	Olfr1102
chr2	87020703	87027080	-1	Olfr1104	87027080	NA	NA	NA	NA	Olfr1104
chr2	87031260	87036531	-1	Olfr1105	87036531	NA	NA	NA	NA	Olfr1105
chr2	87046811	87052273	-1	Olfr1106	87052273	NA	NA	NA	NA	Olfr1106
chr2	87068671	87075817	-1	Olfr1107	87075817	NA	NA	NA	NA	Olfr1107
chr2	87091195	87096008	-1	Olfr1109	87096008	NA	NA	NA	NA	Olfr1109
chr2	87104578	87114567	-1	Olfr259	87114567	NA	NA	NA	NA	Olfr259
chr2	87133673	87140300	-1	Olfr1110	87140300	NA	NA	NA	NA	Olfr1110
chr2	90136273	90142296	-1	Olfr32	90142296	NA	NA	NA	NA	Olfr32
chr2	90145255	90153091	-1	Olfr1270	90153091	NA	NA	NA	NA	Olfr1270
chr2	90322200	90326360	1	Gm13769	90326360	NA	NA	NA	NA	Gm13769
chr2	90398683	90403897	1	Olfr1274-ps	90403897	NA	NA	NA	NA	Olfr1274-ps
chr2	96318169	97631666	1	Lrrc4c	97631666	NA	NA	241568	ENSMUSG00000050587	Lrrc4c
chr2	102300119	102407828	-1	Trim44	102407828	NA	NA	80985	ENSMUSG00000027189	Trim44
chr2	102449366	102452499	-1	Fjx1	102452499	NA	NA	14221	ENSMUSG00000075012	Fjx1
chr2	109092297	109280748	-1	Mettl15	109280748	NA	NA	76894	ENSMUSG00000057234	Mettl15
chr2	109674700	109727007	1	Bdnf	109727007	NA	NA	12064	ENSMUSG00000048482	Bdnf
chr2	110597298	110647779	1	Slc5a12	110647779	NA	NA	241612	ENSMUSG00000041644	Slc5a12
chr2	110655201	110950923	-1	Ano3	110950923	NA	NA	228432	ENSMUSG00000074968	Ano3
chr2	110721340	110739527	1	Muc15	110739527	NA	NA	269328	ENSMUSG00000050808	Muc15
chr2	111088372	111105982	-1	Gm13941	111105982	NA	NA	NA	NA	Gm13941
chr2	111134114	111152936	-1	Gm15130	111152936	NA	NA	NA	NA	Gm15130
chr2	111162061	111229602	-1	4930430A15Rik	111229602	NA	NA	NA	NA	4930430A15Rik
chr2	111230360	111235286	-1	Olfr1275	111235286	NA	NA	NA	NA	Olfr1275
chr2	111254516	111262026	1	Olfr1276	111262026	NA	NA	NA	NA	Olfr1276
chr2	111264946	111274106	-1	Olfr1277	111274106	NA	NA	NA	NA	Olfr1277
chr2	111290136	111298886	1	Olfr1278	111298886	NA	NA	NA	NA	Olfr1278
chr2	111497180	111504553	1	Olfr1291-ps1	111504553	NA	NA	NA	NA	Olfr1291-ps1
chr2	111525203	111533279	1	Olfr1293-ps	111533279	NA	NA	NA	NA	Olfr1293-ps
chr2	111536530	111540291	-1	Olfr1294	111540291	NA	NA	NA	NA	Olfr1294
chr2	111561423	111569681	-1	Olfr1295	111569681	NA	NA	NA	NA	Olfr1295
chr2	111812247	111820340	-1	Olfr1303	111820340	NA	NA	NA	NA	Olfr1303
chr2	111867657	111877149	-1	Olfr1305	111877149	NA	NA	NA	NA	Olfr1305
chr2	111911264	111916271	-1	Olfr1306	111916271	NA	NA	NA	NA	Olfr1306
chr2	111930116	111949440	-1	Olfr1307	111949440	NA	NA	NA	NA	Olfr1307
chr2	111959285	111964944	-1	Olfr1308	111964944	NA	NA	NA	NA	Olfr1308
chr2	111979857	111990281	-1	Olfr1309	111990281	NA	NA	NA	NA	Olfr1309
chr2	112110057	112115440	-1	Olfr1315-ps1	112115440	NA	NA	NA	NA	Olfr1315-ps1
chr2	112126996	112134977	-1	Olfr1316	112134977	NA	NA	NA	NA	Olfr1316
chr2	112140329	112144054	1	Olfr1317	112144054	NA	NA	NA	NA	Olfr1317
chr2	112154198	112159157	1	Olfr1318	112159157	NA	NA	NA	NA	Olfr1318
chr2	112631355	113217096	-1	Ryr3	113217096	NA	NA	20192	ENSMUSG00000057378	Ryr3
chr2	113285732	113297190	1	Tmco5b	113297190	NA	NA	75275	ENSMUSG00000041255	Tmco5b
chr2	124089969	124667770	1	Sema6d	124667770	NA	NA	214968	ENSMUSG00000027200	Sema6d
chr2	126215100	126216212	1	Gm17555	126216212	NA	NA	NA	NA	Gm17555
chr2	134497361	134554368	-1	Hao1	134554368	NA	NA	15112	ENSMUSG00000027261	Hao1
chr2	136081104	136387967	-1	Pak7	136387967	NA	NA	NA	NA	Pak7
chr2	139493913	139637674	1	Sptlc3	139637674	NA	NA	228677	ENSMUSG00000039092	Sptlc3
chr2	140395309	142392966	1	Macrod2	142392966	NA	NA	72899	ENSMUSG00000068205	Macrod2
chr2	143546156	143816285	1	Pcsk2	143816285	NA	NA	18549	ENSMUSG00000027419	Pcsk2
chr2	145167754	145642166	1	Slc24a3	145642166	NA	NA	94249	ENSMUSG00000063873	Slc24a3
chr2	148990343	149003251	-1	Gm1330	149003251	NA	NA	115489557	NA	Gm1330
chr2	149405057	149410293	1	Cst10	149410293	NA	NA	58214	ENSMUSG00000033156	Cst10
chr2	149829211	150004392	1	Syndig1	150004392	NA	NA	433485	ENSMUSG00000074736	Syndig1
chr2	161521990	162661147	-1	Ptprt	162661147	NA	NA	19281	ENSMUSG00000053141	Ptprt
chr2	176670522	176719085	1	Zfp973	176719085	NA	NA	545490	ENSMUSG00000078879	Zfp973
chr2	176708328	176721813	1	Gm14305	176721813	NA	NA	100043387	ENSMUSG00000078878	Gm14305
chr2	176798612	176811223	1	Gm14295	176811223	NA	NA	100039123	ENSMUSG00000078877	Gm14295
chr3	5218526	5415857	1	Zfhx4	5415857	NA	NA	80892	ENSMUSG00000025255	Zfhx4
chr3	5750806	5751295	1	Gm8797	5751295	NA	NA	667759	ENSMUSG00000103034	Gm8797
chr3	6615418	6620443	-1	1700008P02Rik	6620443	NA	NA	69347	ENSMUSG00000069118	1700008P02Rik
chr3	13471655	14182287	1	Ralyl	14182287	NA	NA	76897	ENSMUSG00000039717	Ralyl
chr3	14480697	14505830	1	Slc7a12	14505830	NA	NA	140918	ENSMUSG00000039710	Slc7a12
chr3	15296551	15332302	-1	Gm9733	15332302	NA	NA	NA	NA	Gm9733
chr3	15371653	15426520	-1	Sirpb1a	15426520	NA	NA	320832	ENSMUSG00000095788	Sirpb1a
chr3	15495751	15575065	-1	Sirpb1b	15575065	NA	NA	668101	ENSMUSG00000095028	Sirpb1b
chr3	15795145	15848528	-1	Sirpb1c	15848528	NA	NA	100038947	ENSMUSG00000074677	Sirpb1c
chr3	15946870	16006437	-1	Gm5150	16006437	NA	NA	381484	ENSMUSG00000078780	Gm5150
chr3	18054174	18057517	1	Bhlhe22	18057517	NA	NA	59058	ENSMUSG00000025128	Bhlhe22
chr3	18071950	18243338	-1	Cyp7b1	18243338	NA	NA	13123	ENSMUSG00000039519	Cyp7b1
chr3	23798102	25144261	-1	Naaladl2	25144261	NA	NA	635702	ENSMUSG00000102758	Naaladl2
chr3	25426215	26332460	-1	Nlgn1	26332460	NA	NA	192167	ENSMUSG00000063887	Nlgn1
chr3	29082023	29691209	1	Egfem1	29691209	NA	NA	75740	ENSMUSG00000063600	Egfem1
chr3	32949408	33143247	-1	Pex5l	33143247	NA	NA	58869	ENSMUSG00000027674	Pex5l
chr3	38886940	39011985	1	Fat4	39011985	NA	NA	329628	ENSMUSG00000046743	Fat4
chr3	41742611	41803320	1	D3Ertd751e	41803320	NA	NA	73852	ENSMUSG00000025766	D3Ertd751e
chr3	45378398	45435623	1	Pcdh10	45435623	NA	NA	18526	ENSMUSG00000049100	Pcdh10
chr3	46442197	46448219	-1	Pabpc4l	46448219	NA	NA	241989	ENSMUSG00000090919	Pabpc4l
chr3	59729790	59752333	1	Gm5538	59752333	NA	NA	NA	NA	Gm5538
chr3	59861051	59877313	1	Gm8298	59877313	NA	NA	NA	NA	Gm8298
chr3	59925214	59937949	1	C130079G13Rik	59937949	NA	NA	NA	NA	C130079G13Rik
chr3	62468013	62507004	-1	Dhx36	62507004	NA	NA	72162	ENSMUSG00000027770	Dhx36
chr3	62529077	62605140	-1	Gpr149	62605140	NA	NA	229357	ENSMUSG00000043441	Gpr149
chr3	66053558	66296837	-1	Veph1	66296837	NA	NA	72789	ENSMUSG00000027831	Veph1
chr3	72888557	72967863	-1	Sis	72967863	NA	NA	69983	ENSMUSG00000027790	Sis
chr3	73047265	73057803	-1	Slitrk3	73057803	NA	NA	386750	ENSMUSG00000048304	Slitrk3
chr3	75037907	75165034	-1	Zbbx	75165034	NA	NA	213234	ENSMUSG00000034151	Zbbx
chr3	75274988	75482156	-1	Wdr49	75482156	NA	NA	213248	ENSMUSG00000104301	Wdr49
chr3	75748197	75787653	1	Gm29133	75787653	NA	NA	NA	NA	Gm29133
chr3	76074270	76710019	1	Fstl5	76710019	NA	NA	213262	ENSMUSG00000034098	Fstl5
chr3	80681450	80802835	-1	Gria2	80802835	NA	NA	14800	ENSMUSG00000033981	Gria2
chr3	80843599	80913660	-1	Glrb	80913660	NA	NA	14658	ENSMUSG00000028020	Glrb
chr3	81036416	81214040	1	Pdgfc	81214040	NA	NA	54635	ENSMUSG00000028019	Pdgfc
chr3	92604718	92607492	-1	2210017I01Rik	92607492	NA	NA	545546	NA	2210017I01Rik
chr3	92620081	92621660	-1	Lce6a	92621660	NA	NA	78382	ENSMUSG00000086848	Lce6a
chr3	92646535	92648307	-1	Lce1a1	92648307	NA	NA	67127	ENSMUSG00000057609	Lce1a1
chr3	92655650	92656926	-1	Lce1b	92656926	NA	NA	68720	ENSMUSG00000027923	Lce1b
chr3	92668613	92670315	-1	Lce1a2	92670315	NA	NA	73722	ENSMUSG00000068890	Lce1a2
chr3	92679247	92680918	1	Lce1c	92680918	NA	NA	73719	ENSMUSG00000042092	Lce1c
chr3	92685499	92687210	-1	Lce1d	92687210	NA	NA	69611	ENSMUSG00000103243	Lce1d
chr3	92707401	92709074	-1	Lce1e	92709074	NA	NA	68694	ENSMUSG00000068889	Lce1e
chr3	92718685	92720350	-1	Lce1f	92720350	NA	NA	67828	ENSMUSG00000042124	Lce1f
chr3	92737651	92739096	-1	Gm38119	92739096	NA	NA	NA	NA	Gm38119
chr3	92750148	92752338	-1	Lce1g	92752338	NA	NA	66195	ENSMUSG00000027919	Lce1g
chr3	92763215	92765065	-1	Lce1h	92765065	NA	NA	67718	ENSMUSG00000049593	Lce1h
chr3	92777210	92778899	-1	Lce1i	92778899	NA	NA	76585	ENSMUSG00000068888	Lce1i
chr3	92788840	92790514	-1	Lce1j	92790514	NA	NA	545547	ENSMUSG00000068887	Lce1j
chr3	92806291	92807891	-1	Lce1k	92807891	NA	NA	631101	ENSMUSG00000095870	Lce1k
chr3	92823074	92827247	-1	Kprp	92827247	NA	NA	433619	ENSMUSG00000059832	Kprp
chr3	92849949	92851286	-1	Lce1l	92851286	NA	NA	73730	ENSMUSG00000046676	Lce1l
chr3	92868359	92870216	-1	2310050C09Rik	92870216	NA	NA	66533	ENSMUSG00000090314	2310050C09Rik
chr3	92925287	92926230	-1	Lce3a	92926230	NA	NA	545548	ENSMUSG00000054325	Lce3a
chr3	92932979	92934097	1	Lce3b	92934097	NA	NA	66344	ENSMUSG00000042031	Lce3b
chr3	92944486	92945733	1	Lce3c	92945733	NA	NA	94060	ENSMUSG00000045475	Lce3c
chr3	92957390	92958505	1	Lce3d	92958505	NA	NA	630994	ENSMUSG00000043472	Lce3d
chr3	92967061	92968281	1	Lce3e	92968281	NA	NA	69514	ENSMUSG00000074433	Lce3e
chr3	92992226	92993426	1	Lce3f	92993426	NA	NA	69520	ENSMUSG00000068885	Lce3f
chr3	93014205	93015687	-1	Crct1	93015687	NA	NA	74175	ENSMUSG00000027913	Crct1
chr3	93017810	93019060	-1	Lce1m	93019060	NA	NA	66203	ENSMUSG00000027912	Lce1m
chr3	93068823	93075505	1	Gm4858	93075505	NA	NA	NA	NA	Gm4858
chr3	93197278	93221391	1	Flg2	93221391	NA	NA	229574	ENSMUSG00000049133	Flg2
chr3	93273523	93293686	1	Flg	93293686	NA	NA	14246	ENSMUSG00000102439	Flg
chr3	93936633	93943543	-1	Gm9117	93943543	NA	NA	NA	NA	Gm9117
chr3	93960292	93961314	-1	Tdpoz5	93961314	NA	NA	399676	ENSMUSG00000094163	Tdpoz5
chr3	94047981	94054885	-1	Gm9125	94054885	NA	NA	NA	NA	Gm9125
chr3	94071622	94072644	-1	Gm10697	94072644	NA	NA	NA	NA	Gm10697
chr3	105452330	105674002	1	Kcnd3	105674002	NA	NA	56543	ENSMUSG00000040896	Kcnd3
chr3	105996957	106014646	-1	Pifo	106014646	NA	NA	100503311	ENSMUSG00000010136	Pifo
chr3	106016919	106032814	-1	Chil5	106032814	NA	NA	229687	ENSMUSG00000043873	Chil5
chr3	106113229	106132120	1	Chia1	106132120	NA	NA	81600	ENSMUSG00000062778	Chia1
chr3	106147554	106167564	-1	Chil3	106167564	NA	NA	12655	ENSMUSG00000040809	Chil3
chr3	106201490	106219507	-1	Chil4	106219507	NA	NA	104183	ENSMUSG00000063779	Chil4
chr3	106387384	106406182	-1	Chil6	106406182	NA	NA	229688	ENSMUSG00000027902	Chil6
chr3	106820485	106826287	-1	Olfr266	106826287	NA	NA	NA	NA	Olfr266
chr3	107036169	107038070	1	Kcna3	107038070	NA	NA	16491	ENSMUSG00000047959	Kcna3
chr3	107101146	107115005	1	Kcna2	107115005	NA	NA	16490	ENSMUSG00000040724	Kcna2
chr3	107183056	107195721	1	Kcna10	107195721	NA	NA	242151	ENSMUSG00000042861	Kcna10
chr3	109780040	110144011	-1	Ntng1	110144011	NA	NA	80883	ENSMUSG00000059857	Ntng1
chr3	114030540	114220718	1	Col11a1	114220718	NA	NA	12814	ENSMUSG00000027966	Col11a1
chr3	114904078	115125722	1	Olfm3	115125722	NA	NA	229759	ENSMUSG00000027965	Olfm3
chr3	117319139	117360876	-1	Plppr4	117360876	NA	NA	229791	ENSMUSG00000044667	Plppr4
chr3	118562129	119432924	1	Dpyd	119432924	NA	NA	99586	ENSMUSG00000033308	Dpyd
chr3	123526166	123690853	-1	Ndst3	123690853	NA	NA	83398	ENSMUSG00000027977	Ndst3
chr3	124320855	124324743	1	Tram1l1	124324743	NA	NA	229801	ENSMUSG00000044528	Tram1l1
chr3	124400989	124426040	-1	1700006A11Rik	124426040	NA	NA	71824	ENSMUSG00000027973	1700006A11Rik
chr3	124556352	124581101	-1	1700003H04Rik	124581101	NA	NA	384775	ENSMUSG00000039174	1700003H04Rik
chr3	125404076	125728899	1	Ndst4	125728899	NA	NA	64580	ENSMUSG00000027971	Ndst4
chr3	125865271	125938619	-1	Ugt8a	125938619	NA	NA	22239	ENSMUSG00000032854	Ugt8a
chr3	134829007	134934579	1	Tacr3	134934579	NA	NA	21338	ENSMUSG00000028172	Tacr3
chr3	136053363	136326066	-1	Bank1	136326066	NA	NA	242248	ENSMUSG00000037922	Bank1
chr3	139205694	139710299	1	Stpg2	139710299	NA	NA	381476	ENSMUSG00000047940	Stpg2
chr3	141210004	141212355	-1	Pdha2	141212355	NA	NA	18598	ENSMUSG00000047674	Pdha2
chr3	141465216	141834924	1	Unc5c	141834924	NA	NA	22253	ENSMUSG00000059921	Unc5c
chr3	141837136	142169425	-1	Bmpr1b	142169425	NA	NA	12167	ENSMUSG00000052430	Bmpr1b
chr3	151437887	151545086	1	Adgrl4	151545086	NA	NA	170757	ENSMUSG00000039167	Adgrl4
chr3	156561794	157316445	1	Negr1	157316445	NA	NA	320840	ENSMUSG00000040037	Negr1
chr3	158082891	158562221	-1	Lrrc7	158562221	NA	NA	242274	ENSMUSG00000028176	Lrrc7
chr4	3995936	4019663	-1	Sdr16c5	4019663	NA	NA	242285	ENSMUSG00000028236	Sdr16c5
chr4	4055929	4077522	-1	Sdr16c6	4077522	NA	NA	242286	ENSMUSG00000071019	Sdr16c6
chr4	5644090	6108223	1	Fam110b	6108223	NA	NA	242297	ENSMUSG00000049119	Fam110b
chr4	12906838	12983553	1	Triqk	12983553	NA	NA	208820	ENSMUSG00000055963	Triqk
chr4	14502430	14621805	-1	Slc26a7	14621805	NA	NA	208890	ENSMUSG00000040569	Slc26a7
chr4	17852893	18119145	1	Mmp16	18119145	NA	NA	17389	ENSMUSG00000028226	Mmp16
chr4	18860454	19122526	-1	Cnbd1	19122526	NA	NA	435772	ENSMUSG00000073991	Cnbd1
chr4	19280850	19510623	1	Cngb3	19510623	NA	NA	30952	ENSMUSG00000056494	Cngb3
chr4	20118874	20778866	-1	Nkain3	20778866	NA	NA	269513	ENSMUSG00000055761	Nkain3
chr4	24496451	24602950	1	Mms22l	24602950	NA	NA	212377	ENSMUSG00000045751	Mms22l
chr4	25199908	25242876	-1	Fhl5	25242876	NA	NA	57756	ENSMUSG00000028259	Fhl5
chr4	33924593	33948831	1	Cnr1	33948831	NA	NA	12801	ENSMUSG00000044288	Cnr1
chr4	34024874	34050191	-1	Spaca1	34050191	NA	NA	67652	ENSMUSG00000028264	Spaca1
chr4	35706647	36951747	-1	Lingo2	36951747	NA	NA	242384	ENSMUSG00000045083	Lingo2
chr4	39450295	39451776	1	1700009N14Rik	39451776	NA	NA	75471	ENSMUSG00000028287	1700009N14Rik
chr4	40472180	40477168	1	Tmem215	40477168	NA	NA	320500	ENSMUSG00000046593	Tmem215
chr4	41903610	41904743	1	Gm21541	41904743	NA	NA	NA	NA	Gm21541
chr4	41941572	41943124	1	Gm20878	41943124	NA	NA	100041579	ENSMUSG00000078747	Gm20878
chr4	41966058	41971856	1	Fam205a4	41971856	NA	NA	100043920	ENSMUSG00000078746	Fam205a4
chr4	42114817	42115917	1	Gm13304	42115917	NA	NA	100504346	ENSMUSG00000073878	Gm13304
chr4	42153436	42158839	1	Gm13306	42158839	NA	NA	100039863	ENSMUSG00000073877	Gm13306
chr4	42158842	42168603	-1	Gm13305	42168603	NA	NA	100042555	ENSMUSG00000073876	Gm13305
chr4	42522580	42528175	-1	Gm13298	42528175	NA	NA	NA	NA	Gm13298
chr4	42655251	42656005	1	Ccl27b	42655998	NA	NA	100040048	ENSMUSG00000096826	Ccl27b
chr4	42735545	42846248	1	4930578G10Rik	42846248	NA	NA	102638670	NA	4930578G10Rik
chr4	42754525	42756577	-1	Ccl19	42756577	NA	NA	24047	ENSMUSG00000071005	Ccl19
chr4	42772860	42773993	-1	Ccl21a	42773993	NA	NA	18829	ENSMUSG00000094686	Ccl21a
chr4	42781928	42856771	-1	Gm12394	42856771	NA	NA	NA	NA	Gm12394
chr4	49661611	49845744	-1	Grin3a	49845744	NA	NA	242443	ENSMUSG00000039579	Grin3a
chr4	60498012	60501960	-1	Mup1	60501960	NA	NA	17840	ENSMUSG00000078683	Mup1
chr4	60578260	60582199	-1	Mup10	60582199	NA	NA	100039008	ENSMUSG00000078680	Mup10
chr4	60737383	60741326	-1	Mup12	60741326	NA	NA	100039054	ENSMUSG00000094793	Mup12
chr4	61224307	61228286	-1	Mup13	61228286	NA	NA	100039089	ENSMUSG00000089873	Mup13
chr4	61300023	61304000	-1	Mup14	61304000	NA	NA	100039116	ENSMUSG00000073830	Mup14
chr4	61435790	61439743	-1	Mup15	61439743	NA	NA	100039150	ENSMUSG00000096674	Mup15
chr4	61515592	61519531	-1	Mup16	61519531	NA	NA	100039177	ENSMUSG00000078675	Mup16
chr4	61591929	61595871	-1	Mup17	61595871	NA	NA	100039206	ENSMUSG00000096688	Mup17
chr4	65124174	65357509	1	Pappa	65357509	NA	NA	18491	ENSMUSG00000028370	Pappa
chr4	65380803	66404611	-1	Astn2	66404611	NA	NA	56079	ENSMUSG00000028373	Astn2
chr4	68761514	68954397	-1	Brinp1	68954397	NA	NA	56710	ENSMUSG00000028351	Brinp1
chr4	71755643	71757965	-1	Gm11232	71757965	NA	NA	102634852	ENSMUSG00000066141	Gm11232
chr4	72850583	72852634	-1	Aldoart1	72852634	NA	NA	353204	ENSMUSG00000059343	Aldoart1
chr4	73401032	73405072	-1	Gm11487	73405072	NA	NA	433719	ENSMUSG00000066137	Gm11487
chr4	74013442	74202214	1	Frmd3	74202214	NA	NA	242506	ENSMUSG00000049122	Frmd3
chr4	75941238	78211961	-1	Ptprd	78211961	NA	NA	19266	ENSMUSG00000028399	Ptprd
chr4	84884309	85131921	1	Cntln	85131921	NA	NA	338349	ENSMUSG00000038070	Cntln
chr4	85205126	85639195	1	Sh3gl2	85639195	NA	NA	20404	ENSMUSG00000028488	Sh3gl2
chr4	85514172	86428385	1	Adamtsl1	86428385	NA	NA	77739	ENSMUSG00000066113	Adamtsl1
chr4	86983124	87230477	-1	Slc24a2	87230477	NA	NA	76376	ENSMUSG00000037996	Slc24a2
chr4	90218820	90225702	1	Zfp352	90225702	NA	NA	236537	ENSMUSG00000070902	Zfp352
chr4	91250763	91400785	-1	Elavl2	91400785	NA	NA	15569	ENSMUSG00000008489	Elavl2
chr4	92144329	92147234	-1	Izumo3	92147234	NA	NA	69314	ENSMUSG00000028533	Izumo3
chr4	92190744	92191749	-1	Gm12666	92191749	NA	NA	68280	ENSMUSG00000066107	Gm12666
chr4	93334138	93335511	-1	Tusc1	93335511	NA	NA	69136	ENSMUSG00000054000	Tusc1
chr4	96099318	96141152	-1	Cyp2j12	96141152	NA	NA	242546	ENSMUSG00000081225	Cyp2j12
chr4	96195197	96236659	-1	Cyp2j7	96236659	NA	NA	546837	ENSMUSG00000081362	Cyp2j7
chr4	96294508	96348662	-1	Cyp2j11	96348662	NA	NA	100066	ENSMUSG00000066097	Cyp2j11
chr4	96444596	96507386	-1	Cyp2j8	96507386	NA	NA	665095	ENSMUSG00000082932	Cyp2j8
chr4	96723647	96785186	-1	Gm12695	96785186	NA	NA	620779	ENSMUSG00000078639	Gm12695
chr4	102087543	102607259	1	Pde4b	102607259	NA	NA	18578	ENSMUSG00000028525	Pde4b
chr4	103619359	104744844	1	Dab1	104744844	NA	NA	13131	ENSMUSG00000028519	Dab1
chr4	110203722	110351909	-1	Elavl4	110351909	NA	NA	15572	ENSMUSG00000028546	Elavl4
chr4	110397661	111664324	1	Agbl4	111664324	NA	NA	78933	ENSMUSG00000061298	Agbl4
chr4	111875375	111902918	-1	Slc5a9	111902918	NA	NA	230612	ENSMUSG00000028544	Slc5a9
chr4	111919392	111950358	1	Skint8	111950358	NA	NA	639774	ENSMUSG00000078599	Skint8
chr4	111972923	111988223	1	Skint7	111988223	NA	NA	328505	ENSMUSG00000049214	Skint7
chr4	112006269	112029538	1	Skint1	112029538	NA	NA	639781	ENSMUSG00000089773	Skint1
chr4	112072016	112168076	1	Skint4	112168076	NA	NA	320640	ENSMUSG00000055960	Skint4
chr4	112232245	112300468	1	Skint3	112300468	NA	NA	195564	ENSMUSG00000070868	Skint3
chr4	112385969	112433985	-1	Skint9	112433985	NA	NA	329918	ENSMUSG00000049972	Skint9
chr4	112557194	112652248	1	Skint2	112652248	NA	NA	329919	ENSMUSG00000034359	Skint2
chr4	112711147	112774866	-1	Skint10	112774866	NA	NA	230613	ENSMUSG00000048766	Skint10
chr4	112804616	113286973	-1	Skint6	113286973	NA	NA	230622	ENSMUSG00000087194	Skint6
chr4	113477891	113999503	-1	Skint5	113999503	NA	NA	242627	ENSMUSG00000078598	Skint5
chr4	115299046	115332815	1	Cyp4a12a	115332815	NA	NA	277753	ENSMUSG00000066071	Cyp4a12a
chr4	115411624	115439034	1	Cyp4a12b	115439034	NA	NA	13118	ENSMUSG00000078597	Cyp4a12b
chr4	115452604	115471062	1	Cyp4a30b	115471062	NA	NA	435802	ENSMUSG00000084346	Cyp4a30b
chr4	115486200	115496142	-1	Cyp4a14	115496142	NA	NA	13119	ENSMUSG00000028715	Cyp4a14
chr4	115518264	115533649	1	Cyp4a10	115533649	NA	NA	13117	ENSMUSG00000066072	Cyp4a10
chr4	115563649	115579015	1	Cyp4a31	115579015	NA	NA	666168	ENSMUSG00000028712	Cyp4a31
chr4	115600969	115621602	1	Cyp4a32	115621602	NA	NA	100040843	ENSMUSG00000063929	Cyp4a32
chr4	115624725	115647723	-1	Cyp4b1	115647723	NA	NA	13120	ENSMUSG00000028713	Cyp4b1
chr4	121614271	121622103	-1	Gm12887	121622103	NA	NA	666927	ENSMUSG00000078575	Gm12887
chr4	144330249	144333465	1	Gm13128	144333465	NA	NA	NA	NA	Gm13128
chr4	144357942	144364419	1	Gm13119	144364419	NA	NA	NA	NA	Gm13119
chr4	144372760	144377933	-1	Pramef20	144377933	NA	NA	NA	NA	Pramef20
chr4	144391674	144408464	-1	Pramef12	144408464	NA	NA	NA	NA	Pramef12
chr4	144519822	144529353	1	9430007A20Rik	144529353	NA	NA	NA	NA	9430007A20Rik
chr4	144555000	144565134	-1	Gm13124	144565134	NA	NA	NA	NA	Gm13124
chr4	144703191	144721404	-1	Gm13178	144721404	NA	NA	NA	NA	Gm13178
chr4	144777204	144786583	-1	Gm438	144786583	NA	NA	NA	NA	Gm438
chr4	145670685	145704441	1	Zfp980	145704441	NA	NA	100041379	ENSMUSG00000058186	Zfp980
chr4	146097298	146126621	1	Zfp987	146126621	NA	NA	626316	ENSMUSG00000066009	Zfp987
chr4	146156824	146198755	1	Zfp600	146198755	NA	NA	667666	ENSMUSG00000066007	Zfp600
chr4	146610961	146658160	1	Zfp993	146658160	NA	NA	100503000	NA	Zfp993
chr5	6769010	7344756	-1	Zfp804b	7344756	NA	NA	207618	ENSMUSG00000092094	Zfp804b
chr5	7304119	7311491	1	Tex47	7311491	NA	NA	70920	ENSMUSG00000040514	Tex47
chr5	8072352	8368160	-1	Adam22	8368160	NA	NA	11496	ENSMUSG00000040537	Adam22
chr5	9266118	9481825	1	9330182L06Rik	9481825	NA	NA	NA	NA	9330182L06Rik
chr5	9485541	9725170	-1	Grm3	9725170	NA	NA	108069	ENSMUSG00000003974	Grm3
chr5	10242041	10246526	-1	Gm5152	10246526	NA	NA	381612	NA	Gm5152
chr5	10947805	11044948	1	Gm8871	11044948	NA	NA	101055912	ENSMUSG00000095710	Gm8871
chr5	10947807	10952592	1	Gm8857	10952592	NA	NA	667880	ENSMUSG00000091933	Gm8857
chr5	11127634	11132487	1	Gm8879	11132487	NA	NA	667916	ENSMUSG00000094025	Gm8879
chr5	11183072	11187810	1	Gm5861	11187810	NA	NA	545728	ENSMUSG00000095918	Gm5861
chr5	11256033	11260494	1	Gm8890	11260494	NA	NA	667948	NA	Gm8890
chr5	11341516	11346286	1	Speer1	11346286	NA	NA	70896	ENSMUSG00000095829	Speer1
chr5	11416418	11421235	1	Gm8897	11421235	NA	NA	667961	ENSMUSG00000096732	Gm8897
chr5	11502685	11507417	1	Gm8906	11507417	NA	NA	101055944	ENSMUSG00000095296	Gm8906
chr5	11594913	11599784	1	Gm6460	11599784	NA	NA	623898	ENSMUSG00000091903	Gm6460
chr5	11681959	11686856	1	Gm8922	11686856	NA	NA	668008	ENSMUSG00000094105	Gm8922
chr5	11770548	11775300	1	Gm8926	11775300	NA	NA	668017	ENSMUSG00000094205	Gm8926
chr5	11845539	11850352	1	Gm6465	11850352	NA	NA	623998	ENSMUSG00000094036	Gm6465
chr5	11918043	11922821	1	4933402N22Rik	11922821	NA	NA	545732	ENSMUSG00000067848	4933402N22Rik
chr5	13125414	13602565	1	Sema3a	13602565	NA	NA	20346	ENSMUSG00000028883	Sema3a
chr5	14514918	14863459	1	Pclo	14863459	NA	NA	26875	ENSMUSG00000061601	Pclo
chr5	15709501	15714271	-1	Speer4c	15714271	NA	NA	100502967	ENSMUSG00000073208	Speer4c
chr5	15934691	16374511	1	Cacna2d1	16374511	NA	NA	12293	ENSMUSG00000040118	Cacna2d1
chr5	16553495	16620152	1	Hgf	16620152	NA	NA	15234	ENSMUSG00000028864	Hgf
chr5	16791810	16882052	1	Gm28710	16882052	NA	NA	NA	NA	Gm28710
chr5	19227036	20704792	1	Magi2	20704792	NA	NA	50791	ENSMUSG00000040003	Magi2
chr5	22746059	23275597	1	Lhfpl3	23275597	NA	NA	269629	ENSMUSG00000106379	Lhfpl3
chr5	25935791	25942381	-1	Gm21663	25942381	NA	NA	100862349	ENSMUSG00000104824	Gm21663
chr5	25948253	25954417	-1	Gm21671	25954417	NA	NA	100862359	ENSMUSG00000095550	Gm21671
chr5	25965961	25972663	-1	Gm21680	25972663	NA	NA	100862368	ENSMUSG00000106627	Gm21680
chr5	25982030	25988650	-1	Gm21698	25988650	NA	NA	100862388	ENSMUSG00000096045	Gm21698
chr5	25999022	26004798	-1	Gm1979	26004798	NA	NA	100038949	ENSMUSG00000091049	Gm1979
chr5	26098668	26105362	-1	5031410I06Rik	26105362	NA	NA	381622	ENSMUSG00000051940	5031410I06Rik
chr5	26114764	26121421	-1	Gm10220	26121421	NA	NA	434689	ENSMUSG00000067698	Gm10220
chr5	26257691	26264308	1	Gm7361	26264308	NA	NA	664837	ENSMUSG00000059645	Gm7361
chr5	26817203	27727505	1	Dpp6	27727505	NA	NA	13483	ENSMUSG00000061576	Dpp6
chr5	27495639	27501438	-1	Speer4b	27501438	NA	NA	73526	ENSMUSG00000048703	Speer4b
chr5	37289098	37336894	-1	Evc	37336894	NA	NA	59056	ENSMUSG00000029122	Evc
chr5	37338499	37425055	1	Evc2	37425055	NA	NA	68525	ENSMUSG00000050248	Evc2
chr5	37446825	37717171	-1	Stk32b	37717171	NA	NA	64293	ENSMUSG00000029123	Stk32b
chr5	42067960	42216798	1	Gm16223	42216798	NA	NA	433882	ENSMUSG00000067285	Gm16223
chr5	44472132	44799680	-1	Ldb2	44799680	NA	NA	16826	ENSMUSG00000039706	Ldb2
chr5	48389502	49524907	-1	Kcnip4	49524907	NA	NA	80334	ENSMUSG00000029088	Kcnip4
chr5	57717967	58133230	1	Pcdh7	58133230	NA	NA	54216	ENSMUSG00000029108	Pcdh7
chr5	61808816	61811163	1	G6pd2	61811163	NA	NA	14380	ENSMUSG00000089992	G6pd2
chr5	63649102	63810546	1	Nwd2	63810546	NA	NA	319807	ENSMUSG00000090061	Nwd2
chr5	65979358	66004285	-1	9130230L23Rik	66004285	NA	NA	231253	ENSMUSG00000054598	9130230L23Rik
chr5	66016549	66173118	-1	Rbm47	66173118	NA	NA	245945	ENSMUSG00000070780	Rbm47
chr5	68031835	68166398	1	Grxcr1	68166398	NA	NA	433899	ENSMUSG00000068082	Grxcr1
chr5	69109285	69341679	-1	Kctd8	69341679	NA	NA	243043	ENSMUSG00000037653	Kctd8
chr5	70751047	70842617	-1	Gabrg1	70842617	NA	NA	14405	ENSMUSG00000001260	Gabrg1
chr5	70957597	71095849	-1	Gabra2	71095849	NA	NA	14395	ENSMUSG00000000560	Gabra2
chr5	71442824	71548205	-1	Cox7b2	71548205	NA	NA	78174	ENSMUSG00000049387	Cox7b2
chr5	71569749	71658308	-1	Gabra4	71658308	NA	NA	14397	ENSMUSG00000029211	Gabra4
chr5	71658113	72149037	1	Gabrb1	72149037	NA	NA	14400	ENSMUSG00000029212	Gabrb1
chr5	81020138	81825133	1	Adgrl3	81825133	NA	NA	319387	ENSMUSG00000037605	Adgrl3
chr5	83278145	83355195	-1	Tecrl	83355195	NA	NA	243078	ENSMUSG00000049537	Tecrl
chr5	84054761	84417382	-1	Epha5	84417382	NA	NA	13839	ENSMUSG00000029245	Epha5
chr5	86410410	86468990	-1	Tmprss11a	86468990	NA	NA	194597	ENSMUSG00000072845	Tmprss11a
chr5	86485876	86518600	-1	Tmprss11g	86518600	NA	NA	320454	ENSMUSG00000079451	Tmprss11g
chr5	86521898	86632424	-1	Tmprss11f	86632424	NA	NA	243083	ENSMUSG00000048764	Tmprss11f
chr5	87240493	87254804	-1	Ugt2b37	87254804	NA	NA	112417	ENSMUSG00000057425	Ugt2b37
chr5	87666208	87682578	1	Csn1s1	87682578	NA	NA	12990	ENSMUSG00000070702	Csn1s1
chr5	87692624	87699630	-1	Csn2	87699630	NA	NA	12991	ENSMUSG00000063157	Csn2
chr5	87774567	87788797	1	Csn1s2a	87788797	NA	NA	12993	ENSMUSG00000061937	Csn1s2a
chr5	87808082	87824426	1	Csn1s2b	87824426	NA	NA	12992	ENSMUSG00000061388	Csn1s2b
chr5	87825686	87846387	1	Prr27	87846387	NA	NA	73779	ENSMUSG00000002240	Prr27
chr5	87885029	87894174	1	Odam	87894174	NA	NA	69592	ENSMUSG00000009580	Odam
chr5	87925579	87932665	1	Csn3	87932665	NA	NA	12994	ENSMUSG00000001622	Csn3
chr5	87969459	87972870	1	2310003L06Rik	87972870	NA	NA	74248	NA	2310003L06Rik
chr5	87969517	88008277	1	Gm28434	88008277	NA	NA	NA	NA	Gm28434
chr5	87979439	87981544	1	Cabs1	87981544	NA	NA	70977	ENSMUSG00000007907	Cabs1
chr5	88002549	88008534	1	Smr3a	88008534	NA	NA	20599	ENSMUSG00000029280	Smr3a
chr5	88086556	88109053	1	Smr2	88109053	NA	NA	20600	ENSMUSG00000029281	Smr2
chr5	88110567	88111530	-1	Gm11116	88111530	NA	NA	NA	NA	Gm11116
chr5	88154023	88154099	-1	Gm11115	88154099	NA	NA	NA	NA	Gm11115
chr5	93481829	93540200	-1	Gm16427	93540200	NA	NA	NA	NA	Gm16427
chr5	93843776	93856107	1	Gm7792	93856107	NA	NA	NA	NA	Gm7792
chr5	93924777	93929052	-1	Gm16429	93929052	NA	NA	NA	NA	Gm16429
chr5	94066151	94070545	-1	BC061212	94070545	NA	NA	NA	NA	BC061212
chr5	94076385	94080997	1	Gm6351	94080997	NA	NA	622744	ENSMUSG00000072821	Gm6351
chr5	94218005	94222010	1	Gm3106	94222010	NA	NA	NA	NA	Gm3106
chr5	94445784	94448653	1	Gm7682	94448653	NA	NA	NA	NA	Gm7682
chr5	94526287	94546423	1	Gm3139	94546423	NA	NA	NA	NA	Gm3139
chr5	94612069	94616342	-1	Gm3147	94616342	NA	NA	NA	NA	Gm3147
chr5	94623979	94626848	1	Gm6509	94626848	NA	NA	NA	NA	Gm6509
chr5	94648382	94686353	1	Gm6205	94686353	NA	NA	621203	ENSMUSG00000092073	Gm6205
chr5	94865436	94885388	1	Gm3183	94885388	NA	NA	100041179	ENSMUSG00000095954	Gm3183
chr5	94988626	95026536	1	Gm6367	95026536	NA	NA	622894	NA	Gm6367
chr5	95182624	95195342	1	Gm16513	95195342	NA	NA	100041253	ENSMUSG00000095996	Gm16513
chr5	95268493	95272768	-1	Gm10424	95272768	NA	NA	NA	NA	Gm10424
chr5	95510758	95522953	1	Gm3286	95522953	NA	NA	100041354	ENSMUSG00000079423	Gm3286
chr5	95590599	95594875	-1	Gm7971	95594875	NA	NA	NA	NA	Gm7971
chr5	95731789	95736173	-1	Gm7978	95736173	NA	NA	NA	NA	Gm7978
chr5	95742014	95746617	1	Gm7982	95746617	NA	NA	666209	ENSMUSG00000072814	Gm7982
chr5	95775990	95804708	1	E330014E10Rik	95804708	NA	NA	665943	ENSMUSG00000072813	E330014E10Rik
chr5	130369455	130847412	1	Caln1	130847412	NA	NA	140904	ENSMUSG00000060371	Caln1
chr5	130872082	131308497	-1	Galnt17	131308497	NA	NA	212996	ENSMUSG00000034040	Galnt17
chr6	3685680	3764714	-1	Calcr	3764714	NA	NA	12311	ENSMUSG00000023964	Calcr
chr6	8948431	9249032	1	Nxph1	9249032	NA	NA	18231	ENSMUSG00000046178	Nxph1
chr6	12311610	12749410	-1	Thsd7a	12749410	NA	NA	330267	ENSMUSG00000032625	Thsd7a
chr6	14901349	15441977	1	Foxp2	15441977	NA	NA	114142	ENSMUSG00000029563	Foxp2
chr6	21215503	21729805	1	Kcnd2	21729805	NA	NA	16508	ENSMUSG00000060882	Kcnd2
chr6	24951141	24956297	-1	Tmem229a	24956297	NA	NA	319832	ENSMUSG00000048022	Tmem229a
chr6	27275119	28135178	-1	Grm8	28135178	NA	NA	14823	ENSMUSG00000024211	Grm8
chr6	28239927	28398005	-1	Zfp800	28398005	NA	NA	627049	ENSMUSG00000039841	Zfp800
chr6	32050246	32058921	1	1700012A03Rik	32058921	NA	NA	76382	ENSMUSG00000029766	1700012A03Rik
chr6	32144268	32588192	-1	Plxna4	32588192	NA	NA	243743	ENSMUSG00000029765	Plxna4
chr6	36388084	36528414	1	Chrm2	36528414	NA	NA	243764	ENSMUSG00000045613	Chrm2
chr6	36714929	36810220	-1	Ptn	36810220	NA	NA	19242	ENSMUSG00000029838	Ptn
chr6	36846022	37300184	-1	Dgki	37300184	NA	NA	320127	ENSMUSG00000038665	Dgki
chr6	40628831	40769123	1	Mgam	40769123	NA	NA	232714	ENSMUSG00000068587	Mgam
chr6	40778711	40855600	1	Mgam2-ps	40868164	NA	NA	638904	NA	Mgam2-ps
chr6	40878794	40887494	-1	Moxd2	40887494	NA	NA	194357	ENSMUSG00000029885	Moxd2
chr6	40895270	40900387	-1	Prss58	40900387	NA	NA	232717	ENSMUSG00000051936	Prss58
chr6	40920437	40940557	-1	1700074P13Rik	40940557	NA	NA	NA	NA	1700074P13Rik
chr6	40964754	40968435	1	1810009J06Rik	40968435	NA	NA	73626	ENSMUSG00000094808	1810009J06Rik
chr6	40995830	40999479	-1	Gm2663	40999479	NA	NA	100040208	ENSMUSG00000096525	Gm2663
chr6	41302269	41305532	1	Try4	41305532	NA	NA	22074	ENSMUSG00000054106	Try4
chr6	41311233	41316841	-1	Try5	41316841	NA	NA	103964	ENSMUSG00000036938	Try5
chr6	41354105	41357914	1	Try10	41357914	NA	NA	436522	ENSMUSG00000071521	Try10
chr6	41373814	41377678	-1	Prss3	41377678	NA	NA	22073	ENSMUSG00000071519	Prss3
chr6	41392356	41397230	1	Gm5771	41397230	NA	NA	436523	ENSMUSG00000058119	Gm5771
chr6	41442216	41446145	-1	Gm10334	41446145	NA	NA	100040233	ENSMUSG00000071517	Gm10334
chr6	41458932	41463786	1	Prss1	41463786	NA	NA	114228	ENSMUSG00000062751	Prss1
chr6	41521787	41525079	1	Prss2	41525079	NA	NA	22072	ENSMUSG00000057163	Prss2
chr6	41686330	41704339	-1	Kel	41704339	NA	NA	23925	ENSMUSG00000029866	Kel
chr6	41768770	41775177	-1	Olfr459	41775177	NA	NA	NA	NA	Olfr459
chr6	41847535	41852065	1	Pip	41852065	NA	NA	18716	ENSMUSG00000058499	Pip
chr6	41852989	41864413	1	Sval2	41864413	NA	NA	84543	ENSMUSG00000014104	Sval2
chr6	41951630	41956098	1	Sval1	41956098	NA	NA	71578	ENSMUSG00000029865	Sval1
chr6	41968140	41973090	1	Sval3	41973090	NA	NA	387564	ENSMUSG00000062833	Sval3
chr6	42038394	42042851	1	Sva	42042851	NA	NA	20939	ENSMUSG00000023289	Sva
chr6	42668002	42710088	-1	Tcaf1	42710088	NA	NA	77574	ENSMUSG00000036667	Tcaf1
chr6	42739371	42746963	1	Olfr453	42746963	NA	NA	NA	NA	Olfr453
chr6	42756404	42763231	1	Olfr38	42763231	NA	NA	NA	NA	Olfr38
chr6	42785093	42791619	1	Olfr452	42791619	NA	NA	NA	NA	Olfr452
chr6	42811939	42819081	1	Olfr450	42819081	NA	NA	NA	NA	Olfr450
chr6	42834384	42839516	1	Olfr449	42839516	NA	NA	NA	NA	Olfr449
chr6	42890441	42899085	1	Olfr448	42899085	NA	NA	NA	NA	Olfr448
chr6	42908878	42914273	1	Olfr447	42914273	NA	NA	NA	NA	Olfr447
chr6	42921377	42931141	1	Olfr446	42931141	NA	NA	NA	NA	Olfr446
chr6	42949067	42956764	1	Olfr444	42956764	NA	NA	NA	NA	Olfr444
chr6	43106369	43117803	1	Olfr441	43117803	NA	NA	NA	NA	Olfr441
chr6	43146567	43157169	1	Olfr237-ps1	43157169	NA	NA	NA	NA	Olfr237-ps1
chr6	43163282	43169861	1	Olfr437	43169861	NA	NA	NA	NA	Olfr437
chr6	43172140	43177460	1	Olfr13	43177460	NA	NA	NA	NA	Olfr13
chr6	43197146	43203629	1	Olfr435	43203629	NA	NA	NA	NA	Olfr435
chr6	45059357	47304213	1	Cntnap2	47304213	NA	NA	66797	ENSMUSG00000039419	Cntnap2
chr6	55836895	55978735	1	Ccdc129	55978735	NA	NA	NA	NA	Ccdc129
chr6	56069804	56569103	-1	Pde1c	56652487	NA	NA	18575	ENSMUSG00000004347	Pde1c
chr6	56997243	57009825	1	Vmn1r6	57009825	NA	NA	171193	ENSMUSG00000115701	Vmn1r6
chr6	57024106	57025324	-1	Vmn1r7	57025324	NA	NA	434016	ENSMUSG00000093696	Vmn1r7
chr6	57032284	57037391	1	Vmn1r8	57037391	NA	NA	171205	ENSMUSG00000061208	Vmn1r8
chr6	57066787	57074906	1	Vmn1r9	57074906	NA	NA	171203	ENSMUSG00000091541	Vmn1r9
chr6	57109454	57115035	1	Vmn1r10	57115035	NA	NA	113858	ENSMUSG00000115181	Vmn1r10
chr6	57133455	57139617	1	Vmn1r11	57139617	NA	NA	113860	ENSMUSG00000115236	Vmn1r11
chr6	57156919	57165329	1	Vmn1r12	57165329	NA	NA	626397	ENSMUSG00000057981	Vmn1r12
chr6	57203290	57214799	1	Vmn1r13	57214799	NA	NA	113862	ENSMUSG00000064259	Vmn1r13
chr6	57231686	57240885	1	Vmn1r14	57240885	NA	NA	113864	ENSMUSG00000114982	Vmn1r14
chr6	57257952	57259972	1	Vmn1r15	57259972	NA	NA	113863	ENSMUSG00000115199	Vmn1r15
chr6	57318052	57329494	-1	Vmn1r16	57329494	NA	NA	171202	ENSMUSG00000115792	Vmn1r16
chr6	57359239	57363727	-1	Vmn1r17	57363727	NA	NA	171189	ENSMUSG00000115644	Vmn1r17
chr6	57376660	57395783	-1	Vmn1r18	57395783	NA	NA	171199	ENSMUSG00000091382	Vmn1r18
chr6	57403780	57406034	1	Vmn1r19	57406034	NA	NA	171200	ENSMUSG00000115799	Vmn1r19
chr6	57428930	57435261	1	Vmn1r20	57435261	NA	NA	434017	ENSMUSG00000115253	Vmn1r20
chr6	57898126	57908028	-1	Vmn1r22	57908028	NA	NA	171196	ENSMUSG00000115091	Vmn1r22
chr6	57925842	57926838	-1	Vmn1r23	57926838	NA	NA	171197	ENSMUSG00000093376	Vmn1r23
chr6	57954707	57961503	-1	Vmn1r24	57961503	NA	NA	171191	ENSMUSG00000115507	Vmn1r24
chr6	57978299	57980810	-1	Vmn1r25	57980810	NA	NA	113865	ENSMUSG00000115668	Vmn1r25
chr6	58004934	58015159	-1	Vmn1r26	58015159	NA	NA	171190	ENSMUSG00000048697	Vmn1r26
chr6	58301549	58311685	1	Vmn1r29	58311685	NA	NA	113859	ENSMUSG00000091734	Vmn1r29
chr6	58434159	58443385	-1	Vmn1r30	58443385	NA	NA	171195	ENSMUSG00000095670	Vmn1r30
chr6	58470941	58475330	-1	Vmn1r31	58475330	NA	NA	626828	ENSMUSG00000115404	Vmn1r31
chr6	61180324	62382865	1	Ccser1	62382865	NA	NA	232035	ENSMUSG00000039578	Ccser1
chr6	63255876	64704323	1	Grid2	64704323	NA	NA	14804	ENSMUSG00000071424	Grid2
chr6	64729125	64731245	1	Atoh1	64731245	NA	NA	11921	ENSMUSG00000073043	Atoh1
chr6	65381105	65458150	1	C130060K24Rik	65458150	NA	NA	NA	NA	C130060K24Rik
chr6	66610543	66618282	-1	Vmn1r33	66618282	NA	NA	171187	ENSMUSG00000059375	Vmn1r33
chr6	66635936	66643879	-1	Vmn1r34	66643879	NA	NA	546901	ENSMUSG00000091012	Vmn1r34
chr6	66678070	66685906	-1	Vmn1r35	66685906	NA	NA	171185	ENSMUSG00000060699	Vmn1r35
chr6	66715257	66719168	-1	Vmn1r36	66719168	NA	NA	171184	ENSMUSG00000115482	Vmn1r36
chr6	66729382	66733039	1	Vmn1r37	66733039	NA	NA	171183	ENSMUSG00000115467	Vmn1r37
chr6	66774003	66782627	-1	Vmn1r38	66782627	NA	NA	171186	ENSMUSG00000115170	Vmn1r38
chr6	67534062	67535796	-1	Tacstd2	67535796	NA	NA	56753	ENSMUSG00000051397	Tacstd2
chr6	73468573	73469667	-1	4931417E11Rik	73469667	NA	NA	NA	NA	4931417E11Rik
chr6	76495432	76497784	-1	Gm9008	76497784	NA	NA	668155	ENSMUSG00000072476	Gm9008
chr6	76881637	77979699	-1	Ctnna2	77979699	NA	NA	12386	ENSMUSG00000063063	Ctnna2
chr6	77242689	77257791	1	Lrrtm1	77257791	NA	NA	74342	ENSMUSG00000060780	Lrrtm1
chr6	78395623	78408106	1	Reg2	78408106	NA	NA	19693	ENSMUSG00000023140	Reg2
chr6	78422711	78428667	1	Reg1	78428667	NA	NA	19692	ENSMUSG00000059654	Reg1
chr6	78466269	78468872	-1	Reg3g	78468872	NA	NA	19695	ENSMUSG00000030017	Reg3g
chr6	79817916	79818364	1	Gm20594	79818364	NA	NA	100463512	ENSMUSG00000096887	Gm20594
chr6	80018877	80810143	1	Lrrtm4	80810143	NA	NA	243499	ENSMUSG00000052581	Lrrtm4
chr6	89931649	89940598	-1	Vmn1r45	89940598	NA	NA	22297	ENSMUSG00000044248	Vmn1r45
chr6	89969313	89986721	1	Vmn1r46	89986721	NA	NA	113856	ENSMUSG00000061653	Vmn1r46
chr6	91212455	91272540	1	Fbln2	91272540	NA	NA	14115	ENSMUSG00000064080	Fbln2
chr6	94500331	94604672	1	Slc25a26	94604672	NA	NA	67582	ENSMUSG00000045100	Slc25a26
chr6	94604529	94700158	-1	Lrig1	94700158	NA	NA	16206	ENSMUSG00000030029	Lrig1
chr6	96113154	96657198	1	Fam19a1	96657198	NA	NA	NA	NA	Fam19a1
chr6	96164497	96166243	-1	1700123L14Rik	96166243	NA	NA	NA	NA	1700123L14Rik
chr6	96831203	97060413	-1	Fam19a4	97060413	NA	NA	NA	NA	Fam19a4
chr6	102162655	102573101	-1	Cntn3	102573101	NA	NA	18488	ENSMUSG00000030075	Cntn3
chr6	103510586	103750211	1	Chl1	103750211	NA	NA	12661	ENSMUSG00000030077	Chl1
chr6	104492790	104863406	1	Cntn6	104863406	NA	NA	53870	ENSMUSG00000030092	Cntn6
chr6	105677660	106699310	1	Cntn4	106699310	NA	NA	269784	ENSMUSG00000064293	Cntn4
chr6	106780201	106800077	-1	Crbn	106800077	NA	NA	58799	ENSMUSG00000005362	Crbn
chr6	107529768	107570214	1	Lrrn1	107570214	NA	NA	16979	ENSMUSG00000034648	Lrrn1
chr6	110645581	111567230	1	Grm7	111567230	NA	NA	108073	ENSMUSG00000056755	Grm7
chr6	114131241	114249952	1	Slc6a11	114249952	NA	NA	243616	ENSMUSG00000030307	Slc6a11
chr6	121732932	121789084	1	Gm7298	121789084	NA	NA	640530	ENSMUSG00000108022	Gm7298
chr6	121838541	121889057	1	Mug1	121889057	NA	NA	17836	ENSMUSG00000059908	Mug1
chr6	122006761	122085965	1	Mug2	122085965	NA	NA	17837	ENSMUSG00000030131	Mug2
chr6	122990367	123024105	1	Clec4a4	123024105	NA	NA	474145	ENSMUSG00000059639	Clec4a4
chr6	123049962	123071555	1	Clec4b1	123071555	NA	NA	69810	ENSMUSG00000030147	Clec4b1
chr6	123106428	123143999	1	Clec4a2	123143999	NA	NA	26888	ENSMUSG00000030148	Clec4a2
chr6	123172893	123204671	1	Clec4b2	123204671	NA	NA	381809	ENSMUSG00000067767	Clec4b2
chr6	123229843	123247021	1	Clec4n	123247021	NA	NA	56620	ENSMUSG00000023349	Clec4n
chr6	123262111	123275265	1	Clec4d	123275265	NA	NA	17474	ENSMUSG00000030144	Clec4d
chr6	123281789	123289870	-1	Clec4e	123289870	NA	NA	56619	ENSMUSG00000030142	Clec4e
chr6	123308333	123336537	1	Vmn2r19	123336537	NA	NA	232358	ENSMUSG00000091260	Vmn2r19
chr6	132893011	132893940	1	Tas2r113	132893940	NA	NA	387345	ENSMUSG00000056926	Tas2r113
chr6	133292216	133295792	1	5530400C23Rik	133295792	NA	NA	232426	ENSMUSG00000055594	5530400C23Rik
chr6	138362918	138581968	-1	Lmo3	138581968	NA	NA	109593	ENSMUSG00000030226	Lmo3
chr7	3816781	3825687	-1	Gm15448	3825687	NA	NA	NA	NA	Gm15448
chr7	3836812	3845051	-1	Pira2	3845051	NA	NA	18725	ENSMUSG00000089942	Pira2
chr7	3884242	3898120	-1	Gm14548	3898120	NA	NA	NA	NA	Gm14548
chr7	5298547	5351035	-1	Nlrp2	5351035	NA	NA	232827	ENSMUSG00000035177	Nlrp2
chr7	5350537	5360682	1	Gm5065	5360682	NA	NA	272350	ENSMUSG00000048398	Gm5065
chr7	5401681	5413396	-1	Vmn1r58	5413396	NA	NA	81014	ENSMUSG00000078808	Vmn1r58
chr7	7282309	7300851	-1	Clcn4	7300851	NA	NA	12727	ENSMUSG00000000605	Clcn4
chr7	7334149	7374573	-1	Gm45783	7374573	NA	NA	NA	NA	Gm45783
chr7	7550967	7566786	-1	Vmn2r33	7566786	NA	NA	624512	ENSMUSG00000096691	Vmn2r33
chr7	7786151	7819867	-1	Vmn2r35	7819867	NA	NA	625353	ENSMUSG00000096399	Vmn2r35
chr7	8136950	8161654	-1	Vmn2r41	8161654	NA	NA	100042848	ENSMUSG00000090892	Vmn2r41
chr7	8906772	8931504	-1	Vmn2r40	8931435	NA	NA	100042781	ENSMUSG00000090864	Vmn2r40
chr7	9205546	9223653	-1	Vmn2r37	9223653	NA	NA	22305	ENSMUSG00000066828	Vmn2r37
chr7	9816782	9841325	-1	Vmn2r47	9841325	NA	NA	100042891	ENSMUSG00000096294	Vmn2r47
chr7	9927624	9953585	-1	Vmn2r48	9953585	NA	NA	625580	ENSMUSG00000095914	Vmn2r48
chr7	9976245	9992139	-1	Vmn2r49	9992257	NA	NA	625605	ENSMUSG00000096180	Vmn2r49
